title,description,dt_start,dt_end,dt_predict,story_point
title,description,dt_start,dt_end,dt_predict,story_point
title,description,dt_start,dt_end,dt_predict,story_point
title,description,dt_start,dt_end,dt_predict,story_point
title,description,dt_start,dt_end,dt_predict,story_point
title,description,dt_start,dt_end,dt_predict,story_point
title,description,dt_start,dt_end,dt_predict,story_point
title,description,dt_start,dt_end,dt_predict,story_point
title,description,dt_start,dt_end,dt_predict,story_point
title,description,dt_start,dt_end,dt_predict,story_point
title,description,dt_start,dt_end,dt_predict,story_point
